respondent_id,seasonal_vaccine
4757,1.0
4758,1.0
4759,1.0
4760,1.0
4761,0.0
4762,1.0
4763,0.0
4764,1.0
4765,1.0
4766,1.0
4767,0.0
4768,1.0
4769,1.0
4770,0.0
4771,0.0
4772,1.0
4773,0.0
4774,1.0
4775,1.0
4776,0.0
4777,0.0
4778,0.0
4779,0.0
4780,1.0
4781,0.0
4782,0.0
4783,1.0
4784,0.0
4785,0.0
4786,1.0
4787,1.0
4788,0.0
4789,1.0
4790,1.0
4791,0.0
4792,0.0
4793,1.0
4794,1.0
4795,0.0
4796,0.0
4797,1.0
4798,1.0
4799,0.0
4800,0.0
4801,0.0
4802,1.0
4803,0.0
4804,1.0
4805,0.0
4806,0.0
4807,0.0
4808,0.0
4809,0.0
4810,1.0
4811,1.0
4812,0.0
4813,1.0
4814,1.0
4815,0.0
4816,1.0
4817,1.0
4818,0.0
4819,1.0
4820,1.0
4821,1.0
4822,1.0
4823,1.0
4824,1.0
4825,0.0
4826,0.0
4827,1.0
4828,0.0
4829,1.0
4830,1.0
4831,0.0
4832,0.0
4833,0.0
4834,1.0
4835,1.0
4836,0.0
4837,1.0
4838,1.0
4839,0.0
4840,1.0
4841,1.0
4842,1.0
4843,0.0
4844,0.0
4845,0.0
4846,0.0
4847,0.0
4848,0.0
4849,1.0
4850,0.0
4851,1.0
4852,0.0
4853,1.0
4854,1.0
4855,1.0
4856,1.0
4857,0.0
4858,1.0
4859,1.0
4860,1.0
4861,0.0
4862,1.0
4863,0.0
4864,0.0
4865,1.0
4866,1.0
4867,0.0
4868,0.0
4869,0.0
4870,0.0
4871,1.0
4872,1.0
4873,0.0
4874,0.0
4875,1.0
4876,0.0
4877,0.0
4878,1.0
4879,1.0
4880,0.0
4881,1.0
4882,0.0
4883,0.0
4884,0.0
4885,1.0
4886,0.0
4887,1.0
4888,1.0
4889,0.0
4890,0.0
4891,0.0
4892,0.0
4893,0.0
4894,1.0
4895,0.0
4896,1.0
4897,1.0
4898,1.0
4899,1.0
4900,0.0
4901,0.0
4902,1.0
4903,0.0
4904,1.0
4905,0.0
4906,0.0
4907,1.0
4908,0.0
4909,0.0
4910,0.0
4911,1.0
4912,0.0
4913,1.0
4914,0.0
4915,1.0
4916,0.0
4917,0.0
4918,0.0
4919,0.0
4920,1.0
4921,0.0
4922,0.0
4923,0.0
4924,0.0
4925,1.0
4926,0.0
4927,1.0
4928,0.0
4929,0.0
4930,1.0
4931,1.0
4932,0.0
4933,1.0
4934,0.0
4935,0.0
4936,1.0
4937,0.0
4938,1.0
4939,0.0
4940,1.0
4941,1.0
4942,1.0
4943,1.0
4944,0.0
4945,1.0
4946,1.0
4947,1.0
4948,0.0
4949,1.0
4950,1.0
4951,0.0
4952,0.0
4953,1.0
4954,1.0
4955,0.0
4956,0.0
4957,1.0
4958,1.0
4959,0.0
4960,1.0
4961,1.0
4962,1.0
4963,1.0
4964,1.0
4965,1.0
4966,0.0
4967,0.0
4968,1.0
4969,0.0
4970,0.0
4971,1.0
4972,1.0
4973,1.0
4974,1.0
4975,0.0
4976,1.0
4977,0.0
4978,1.0
4979,1.0
4980,0.0
4981,0.0
4982,1.0
4983,0.0
4984,1.0
4985,1.0
4986,1.0
4987,0.0
4988,1.0
4989,0.0
4990,0.0
4991,1.0
4992,0.0
4993,1.0
4994,1.0
4995,1.0
4996,0.0
4997,1.0
4998,1.0
4999,1.0
5000,0.0
5001,1.0
5002,0.0
5003,1.0
5004,1.0
5005,0.0
5006,0.0
5007,1.0
5008,0.0
5009,0.0
5010,0.0
5011,1.0
5012,0.0
5013,1.0
5014,0.0
5015,0.0
5016,0.0
5017,1.0
5018,1.0
5019,0.0
5020,1.0
5021,1.0
5022,1.0
5023,1.0
5024,0.0
5025,0.0
5026,0.0
5027,1.0
5028,0.0
5029,0.0
5030,1.0
5031,0.0
5032,1.0
5033,0.0
5034,1.0
5035,0.0
5036,1.0
5037,1.0
5038,1.0
5039,1.0
5040,1.0
5041,0.0
5042,1.0
5043,1.0
5044,1.0
5045,1.0
5046,1.0
5047,0.0
5048,0.0
5049,1.0
5050,1.0
5051,1.0
5052,1.0
5053,0.0
5054,1.0
5055,1.0
5056,0.0
5057,0.0
5058,1.0
5059,1.0
5060,0.0
5061,0.0
5062,1.0
5063,0.0
5064,1.0
5065,0.0
5066,1.0
5067,1.0
5068,0.0
5069,1.0
5070,1.0
5071,1.0
5072,1.0
5073,0.0
5074,1.0
5075,1.0
5076,0.0
5077,0.0
5078,0.0
5079,1.0
5080,1.0
5081,1.0
5082,0.0
5083,1.0
5084,1.0
5085,1.0
5086,0.0
5087,0.0
5088,1.0
5089,1.0
5090,0.0
5091,0.0
5092,0.0
5093,0.0
5094,0.0
5095,0.0
5096,0.0
5097,0.0
5098,1.0
5099,0.0
5100,1.0
5101,1.0
5102,1.0
5103,0.0
5104,0.0
5105,1.0
5106,1.0
5107,1.0
5108,1.0
5109,1.0
5110,1.0
5111,1.0
5112,0.0
5113,1.0
5114,0.0
5115,0.0
5116,0.0
5117,0.0
5118,1.0
5119,1.0
5120,1.0
5121,1.0
5122,0.0
5123,1.0
5124,0.0
5125,0.0
5126,0.0
5127,0.0
5128,0.0
5129,0.0
5130,1.0
5131,1.0
5132,0.0
5133,1.0
5134,0.0
5135,1.0
5136,1.0
5137,1.0
5138,1.0
5139,1.0
5140,1.0
5141,1.0
5142,0.0
5143,0.0
5144,1.0
5145,1.0
5146,0.0
5147,1.0
5148,1.0
5149,1.0
5150,0.0
5151,0.0
5152,1.0
5153,0.0
5154,1.0
5155,0.0
5156,1.0
5157,0.0
5158,1.0
5159,1.0
5160,1.0
5161,0.0
5162,1.0
5163,1.0
5164,1.0
5165,1.0
5166,0.0
5167,0.0
5168,1.0
5169,0.0
5170,0.0
5171,0.0
5172,1.0
5173,0.0
5174,1.0
5175,1.0
5176,1.0
5177,1.0
5178,1.0
5179,1.0
5180,0.0
5181,0.0
5182,1.0
5183,0.0
5184,0.0
5185,0.0
5186,1.0
5187,1.0
5188,0.0
5189,0.0
5190,1.0
5191,1.0
5192,1.0
5193,1.0
5194,0.0
5195,1.0
5196,0.0
5197,0.0
5198,1.0
5199,0.0
5200,1.0
5201,0.0
5202,1.0
5203,1.0
5204,0.0
5205,0.0
5206,0.0
5207,0.0
5208,0.0
5209,0.0
5210,1.0
5211,0.0
5212,0.0
5213,1.0
5214,0.0
5215,1.0
5216,0.0
5217,0.0
5218,1.0
5219,0.0
5220,1.0
5221,0.0
5222,1.0
5223,0.0
5224,1.0
5225,0.0
5226,1.0
5227,0.0
5228,1.0
5229,1.0
5230,1.0
5231,1.0
5232,1.0
5233,0.0
5234,1.0
5235,0.0
5236,0.0
5237,0.0
5238,1.0
5239,0.0
5240,1.0
5241,0.0
5242,1.0
5243,1.0
5244,1.0
5245,0.0
5246,1.0
5247,0.0
5248,1.0
5249,0.0
5250,1.0
5251,1.0
5252,1.0
5253,0.0
5254,1.0
5255,1.0
5256,1.0
5257,1.0
5258,1.0
5259,0.0
5260,1.0
5261,0.0
5262,0.0
5263,1.0
5264,0.0
5265,1.0
5266,0.0
5267,0.0
5268,1.0
5269,0.0
5270,1.0
5271,1.0
5272,0.0
5273,0.0
5274,0.0
5275,0.0
5276,0.0
5277,1.0
5278,0.0
5279,0.0
5280,1.0
5281,1.0
5282,0.0
5283,0.0
5284,0.0
5285,1.0
5286,0.0
5287,1.0
5288,0.0
5289,1.0
5290,0.0
5291,1.0
5292,1.0
5293,1.0
5294,0.0
5295,1.0
5296,1.0
5297,1.0
5298,1.0
5299,0.0
5300,1.0
5301,0.0
5302,1.0
5303,1.0
5304,1.0
5305,0.0
5306,1.0
5307,1.0
5308,1.0
5309,1.0
5310,0.0
5311,0.0
5312,1.0
5313,0.0
5314,1.0
5315,0.0
5316,1.0
5317,0.0
5318,0.0
5319,1.0
5320,1.0
5321,0.0
5322,0.0
5323,0.0
5324,0.0
5325,1.0
5326,1.0
5327,0.0
5328,1.0
5329,1.0
5330,0.0
5331,1.0
5332,1.0
5333,1.0
5334,1.0
5335,0.0
5336,0.0
5337,1.0
5338,1.0
5339,1.0
5340,0.0
5341,0.0
5342,0.0
5343,0.0
5344,1.0
5345,1.0
5346,1.0
5347,0.0
5348,0.0
5349,0.0
5350,1.0
5351,1.0
5352,1.0
5353,1.0
5354,1.0
5355,1.0
5356,0.0
5357,0.0
5358,0.0
5359,1.0
5360,0.0
5361,1.0
5362,0.0
5363,1.0
5364,0.0
5365,1.0
5366,0.0
5367,0.0
5368,1.0
5369,0.0
5370,1.0
5371,0.0
5372,1.0
5373,1.0
5374,0.0
5375,1.0
5376,1.0
5377,1.0
5378,1.0
5379,1.0
5380,0.0
5381,1.0
5382,0.0
5383,1.0
5384,0.0
5385,0.0
5386,0.0
5387,1.0
5388,1.0
5389,1.0
5390,0.0
5391,0.0
5392,0.0
5393,1.0
5394,0.0
5395,1.0
5396,1.0
5397,1.0
5398,1.0
5399,1.0
5400,1.0
5401,1.0
5402,1.0
5403,0.0
5404,0.0
5405,1.0
5406,1.0
5407,1.0
5408,1.0
5409,0.0
5410,0.0
5411,1.0
5412,1.0
5413,1.0
5414,0.0
5415,0.0
5416,0.0
5417,0.0
5418,1.0
5419,1.0
5420,0.0
5421,1.0
5422,0.0
5423,0.0
5424,0.0
5425,1.0
5426,0.0
5427,0.0
5428,1.0
5429,1.0
5430,1.0
5431,1.0
5432,0.0
5433,1.0
5434,1.0
5435,1.0
5436,0.0
5437,0.0
5438,1.0
5439,0.0
5440,1.0
5441,0.0
5442,0.0
5443,1.0
5444,1.0
5445,1.0
5446,1.0
5447,1.0
5448,1.0
5449,0.0
5450,1.0
5451,0.0
5452,1.0
5453,0.0
5454,1.0
5455,1.0
5456,1.0
5457,1.0
5458,0.0
5459,1.0
5460,1.0
5461,0.0
5462,1.0
5463,1.0
5464,0.0
5465,0.0
5466,0.0
5467,0.0
5468,1.0
5469,1.0
5470,1.0
5471,1.0
5472,1.0
5473,1.0
5474,0.0
5475,1.0
5476,0.0
5477,1.0
5478,0.0
5479,0.0
5480,0.0
5481,1.0
5482,1.0
5483,0.0
5484,0.0
5485,1.0
5486,0.0
5487,1.0
5488,0.0
5489,1.0
5490,1.0
5491,0.0
5492,1.0
5493,0.0
5494,1.0
5495,0.0
5496,1.0
5497,1.0
5498,1.0
5499,1.0
5500,1.0
5501,1.0
5502,1.0
5503,1.0
5504,1.0
5505,0.0
5506,0.0
5507,0.0
5508,1.0
5509,0.0
5510,1.0
5511,1.0
5512,0.0
5513,1.0
5514,0.0
5515,1.0
5516,1.0
5517,1.0
5518,1.0
5519,1.0
5520,1.0
5521,1.0
5522,0.0
5523,0.0
5524,1.0
5525,0.0
5526,1.0
5527,0.0
5528,1.0
5529,1.0
5530,0.0
5531,0.0
5532,0.0
5533,1.0
5534,0.0
5535,1.0
5536,1.0
5537,0.0
5538,0.0
5539,0.0
5540,1.0
5541,0.0
5542,0.0
5543,1.0
5544,1.0
5545,1.0
5546,1.0
5547,0.0
5548,1.0
5549,1.0
5550,1.0
5551,1.0
5552,0.0
5553,1.0
5554,0.0
5555,1.0
5556,1.0
5557,1.0
5558,1.0
5559,0.0
5560,1.0
5561,1.0
5562,1.0
5563,0.0
5564,1.0
5565,1.0
5566,1.0
5567,1.0
5568,1.0
5569,1.0
5570,1.0
5571,0.0
5572,1.0
5573,1.0
5574,1.0
5575,1.0
5576,0.0
5577,1.0
5578,0.0
5579,0.0
5580,1.0
5581,1.0
5582,1.0
5583,1.0
5584,0.0
5585,1.0
5586,1.0
5587,0.0
5588,1.0
5589,0.0
5590,1.0
5591,0.0
5592,0.0
5593,0.0
5594,1.0
5595,1.0
5596,1.0
5597,1.0
5598,1.0
5599,1.0
5600,1.0
5601,0.0
5602,1.0
5603,0.0
5604,0.0
5605,1.0
5606,0.0
5607,1.0
5608,0.0
5609,1.0
5610,0.0
5611,0.0
5612,1.0
5613,0.0
5614,0.0
5615,1.0
5616,1.0
5617,1.0
5618,0.0
5619,1.0
5620,0.0
5621,1.0
5622,1.0
5623,1.0
5624,0.0
5625,1.0
5626,1.0
5627,1.0
5628,0.0
5629,0.0
5630,1.0
5631,0.0
5632,1.0
5633,1.0
5634,1.0
5635,1.0
5636,0.0
5637,0.0
5638,0.0
5639,1.0
5640,1.0
5641,0.0
5642,0.0
5643,0.0
5644,1.0
5645,0.0
5646,0.0
5647,1.0
5648,1.0
5649,0.0
5650,0.0
5651,1.0
5652,0.0
5653,1.0
5654,1.0
5655,0.0
5656,0.0
5657,0.0
5658,0.0
5659,1.0
5660,1.0
5661,1.0
5662,0.0
5663,0.0
5664,1.0
5665,1.0
5666,1.0
5667,0.0
5668,1.0
5669,1.0
5670,1.0
5671,1.0
5672,1.0
5673,1.0
5674,0.0
5675,0.0
5676,1.0
5677,0.0
5678,1.0
5679,1.0
5680,0.0
5681,1.0
5682,0.0
5683,0.0
5684,1.0
5685,1.0
5686,1.0
5687,0.0
5688,0.0
5689,1.0
5690,0.0
5691,0.0
5692,1.0
5693,0.0
5694,1.0
5695,0.0
5696,1.0
5697,0.0
5698,1.0
5699,0.0
5700,1.0
5701,0.0
5702,0.0
5703,0.0
5704,1.0
5705,1.0
5706,1.0
5707,0.0
5708,0.0
5709,0.0
5710,1.0
5711,0.0
5712,1.0
5713,1.0
5714,1.0
5715,1.0
5716,0.0
5717,1.0
5718,0.0
5719,0.0
5720,1.0
5721,1.0
5722,1.0
5723,0.0
5724,1.0
5725,0.0
5726,0.0
5727,0.0
5728,1.0
5729,1.0
5730,1.0
5731,0.0
5732,1.0
5733,0.0
5734,1.0
5735,1.0
5736,1.0
5737,1.0
5738,1.0
5739,0.0
5740,0.0
5741,0.0
5742,0.0
5743,1.0
5744,1.0
5745,1.0
5746,0.0
5747,1.0
5748,0.0
5749,1.0
5750,1.0
5751,0.0
5752,1.0
5753,0.0
5754,1.0
5755,1.0
5756,0.0
5757,0.0
5758,1.0
5759,0.0
5760,0.0
5761,1.0
5762,1.0
5763,1.0
5764,1.0
5765,0.0
5766,1.0
5767,0.0
5768,1.0
5769,1.0
5770,0.0
5771,1.0
5772,1.0
5773,1.0
5774,0.0
5775,0.0
5776,1.0
5777,0.0
5778,0.0
5779,1.0
5780,0.0
5781,1.0
5782,0.0
5783,0.0
5784,0.0
5785,1.0
5786,1.0
5787,1.0
5788,1.0
5789,1.0
5790,0.0
5791,1.0
5792,0.0
5793,1.0
5794,1.0
5795,0.0
5796,1.0
5797,1.0
5798,0.0
5799,1.0
5800,1.0
5801,0.0
5802,0.0
5803,1.0
5804,1.0
5805,1.0
5806,0.0
5807,1.0
5808,1.0
5809,0.0
5810,1.0
5811,0.0
5812,1.0
5813,1.0
5814,0.0
5815,0.0
5816,1.0
5817,0.0
5818,0.0
5819,0.0
5820,1.0
5821,1.0
5822,1.0
5823,1.0
5824,1.0
5825,1.0
5826,1.0
5827,1.0
5828,0.0
5829,1.0
5830,0.0
5831,0.0
5832,1.0
5833,0.0
5834,0.0
5835,1.0
5836,1.0
5837,0.0
5838,0.0
5839,1.0
5840,1.0
5841,0.0
5842,1.0
5843,0.0
5844,0.0
5845,1.0
5846,1.0
5847,0.0
5848,1.0
5849,0.0
5850,1.0
5851,0.0
5852,1.0
5853,1.0
5854,1.0
5855,1.0
5856,0.0
5857,1.0
5858,1.0
5859,1.0
5860,1.0
5861,0.0
5862,1.0
5863,1.0
5864,1.0
5865,0.0
5866,0.0
5867,1.0
5868,0.0
5869,0.0
5870,1.0
5871,0.0
5872,0.0
5873,0.0
5874,1.0
5875,1.0
5876,0.0
5877,1.0
5878,1.0
5879,1.0
5880,0.0
5881,1.0
5882,1.0
5883,0.0
5884,1.0
5885,0.0
5886,1.0
5887,1.0
5888,0.0
5889,1.0
5890,1.0
5891,1.0
5892,1.0
5893,1.0
5894,0.0
5895,0.0
5896,0.0
5897,0.0
5898,1.0
5899,1.0
5900,1.0
5901,0.0
5902,1.0
5903,0.0
5904,1.0
5905,1.0
5906,0.0
5907,1.0
5908,1.0
5909,1.0
5910,0.0
5911,1.0
5912,1.0
5913,1.0
5914,1.0
5915,0.0
5916,0.0
5917,1.0
5918,1.0
5919,0.0
5920,0.0
5921,1.0
5922,0.0
5923,0.0
5924,1.0
5925,0.0
5926,0.0
5927,1.0
5928,0.0
5929,1.0
5930,0.0
5931,1.0
5932,1.0
5933,1.0
5934,0.0
5935,1.0
5936,1.0
5937,1.0
5938,1.0
5939,1.0
5940,1.0
5941,0.0
5942,1.0
5943,1.0
5944,0.0
5945,1.0
5946,0.0
5947,1.0
5948,1.0
5949,0.0
5950,1.0
5951,0.0
5952,1.0
5953,1.0
5954,1.0
5955,0.0
5956,1.0
5957,1.0
5958,0.0
5959,0.0
5960,1.0
5961,1.0
5962,1.0
5963,1.0
5964,0.0
5965,1.0
5966,0.0
5967,1.0
5968,1.0
5969,1.0
5970,0.0
5971,1.0
5972,1.0
5973,0.0
5974,1.0
5975,1.0
5976,0.0
5977,1.0
5978,0.0
5979,1.0
5980,1.0
5981,1.0
5982,1.0
5983,1.0
5984,0.0
5985,1.0
5986,0.0
5987,1.0
5988,1.0
5989,0.0
5990,1.0
5991,0.0
5992,1.0
5993,1.0
5994,1.0
5995,0.0
5996,0.0
5997,1.0
5998,0.0
5999,0.0
6000,0.0
6001,1.0
6002,0.0
6003,0.0
6004,1.0
6005,0.0
6006,1.0
6007,0.0
6008,0.0
6009,1.0
6010,1.0
6011,1.0
6012,0.0
6013,0.0
6014,0.0
6015,1.0
6016,0.0
6017,0.0
6018,1.0
6019,1.0
6020,0.0
6021,1.0
6022,1.0
6023,1.0
6024,0.0
6025,1.0
6026,1.0
6027,0.0
6028,1.0
6029,1.0
6030,0.0
6031,0.0
6032,1.0
6033,1.0
6034,1.0
6035,0.0
6036,1.0
6037,1.0
6038,1.0
6039,1.0
6040,1.0
6041,1.0
6042,1.0
6043,0.0
6044,1.0
6045,0.0
6046,0.0
6047,1.0
6048,1.0
6049,1.0
6050,1.0
6051,1.0
6052,1.0
6053,1.0
6054,1.0
6055,0.0
6056,0.0
6057,0.0
6058,0.0
6059,1.0
6060,1.0
6061,1.0
6062,1.0
6063,0.0
6064,1.0
6065,1.0
6066,1.0
6067,0.0
6068,1.0
6069,1.0
6070,0.0
6071,0.0
6072,1.0
6073,0.0
6074,1.0
6075,1.0
6076,0.0
6077,1.0
6078,0.0
6079,1.0
6080,1.0
6081,0.0
6082,0.0
6083,1.0
6084,0.0
6085,0.0
6086,1.0
6087,0.0
6088,0.0
6089,1.0
6090,0.0
6091,0.0
6092,0.0
6093,0.0
6094,0.0
6095,0.0
6096,0.0
6097,1.0
6098,1.0
6099,1.0
6100,1.0
6101,1.0
6102,1.0
6103,0.0
6104,1.0
6105,1.0
6106,1.0
6107,0.0
6108,1.0
6109,1.0
6110,1.0
6111,1.0
6112,0.0
6113,0.0
6114,1.0
6115,0.0
6116,1.0
6117,0.0
6118,0.0
6119,1.0
6120,0.0
6121,0.0
6122,1.0
6123,0.0
6124,0.0
6125,1.0
6126,1.0
6127,1.0
6128,0.0
6129,1.0
6130,0.0
6131,0.0
6132,0.0
6133,1.0
6134,1.0
6135,1.0
6136,1.0
6137,1.0
6138,0.0
6139,1.0
6140,0.0
6141,0.0
6142,0.0
6143,0.0
6144,1.0
6145,0.0
6146,0.0
6147,1.0
6148,1.0
6149,0.0
6150,1.0
6151,0.0
6152,1.0
6153,1.0
6154,1.0
6155,0.0
6156,1.0
6157,0.0
6158,0.0
6159,1.0
6160,1.0
6161,1.0
6162,0.0
6163,0.0
6164,1.0
6165,1.0
6166,0.0
6167,0.0
6168,0.0
6169,1.0
6170,0.0
6171,1.0
6172,0.0
6173,0.0
6174,1.0
6175,1.0
6176,1.0
6177,1.0
6178,0.0
6179,1.0
6180,1.0
6181,1.0
6182,0.0
6183,1.0
6184,1.0
6185,0.0
6186,1.0
6187,1.0
6188,0.0
6189,0.0
6190,1.0
6191,1.0
6192,0.0
6193,0.0
6194,0.0
6195,1.0
6196,0.0
6197,0.0
6198,1.0
6199,0.0
6200,1.0
6201,1.0
6202,1.0
6203,1.0
6204,1.0
6205,0.0
6206,1.0
6207,0.0
6208,1.0
6209,1.0
6210,1.0
6211,1.0
6212,0.0
6213,0.0
6214,0.0
6215,1.0
6216,1.0
6217,1.0
6218,1.0
6219,1.0
6220,0.0
6221,1.0
6222,1.0
6223,1.0
6224,0.0
6225,0.0
6226,0.0
6227,1.0
6228,1.0
6229,1.0
6230,0.0
6231,0.0
6232,1.0
6233,0.0
6234,0.0
6235,0.0
6236,0.0
6237,0.0
6238,0.0
6239,0.0
6240,0.0
6241,1.0
6242,0.0
6243,1.0
6244,1.0
6245,1.0
6246,0.0
6247,1.0
6248,0.0
6249,0.0
6250,0.0
6251,0.0
6252,1.0
6253,1.0
6254,0.0
6255,0.0
6256,0.0
6257,1.0
6258,1.0
6259,1.0
6260,0.0
6261,1.0
6262,1.0
6263,1.0
6264,1.0
6265,0.0
6266,1.0
6267,1.0
6268,1.0
6269,0.0
6270,0.0
6271,0.0
6272,0.0
6273,1.0
6274,1.0
6275,1.0
6276,1.0
6277,0.0
6278,1.0
6279,0.0
6280,0.0
6281,1.0
6282,1.0
6283,1.0
6284,0.0
6285,1.0
6286,1.0
6287,0.0
6288,1.0
6289,1.0
6290,1.0
6291,1.0
6292,0.0
6293,0.0
6294,0.0
6295,0.0
6296,0.0
6297,0.0
6298,1.0
6299,1.0
6300,0.0
6301,1.0
6302,0.0
6303,1.0
6304,1.0
6305,1.0
6306,0.0
6307,0.0
6308,1.0
6309,0.0
6310,1.0
6311,0.0
6312,1.0
6313,0.0
6314,0.0
6315,0.0
6316,0.0
6317,0.0
6318,1.0
6319,1.0
6320,1.0
6321,1.0
6322,1.0
6323,1.0
6324,1.0
6325,1.0
6326,1.0
6327,0.0
6328,1.0
6329,0.0
6330,0.0
6331,0.0
6332,1.0
6333,1.0
6334,1.0
6335,1.0
6336,0.0
6337,1.0
6338,0.0
6339,1.0
6340,1.0
6341,1.0
6342,1.0
6343,1.0
6344,0.0
6345,1.0
6346,0.0
6347,1.0
6348,1.0
6349,1.0
6350,1.0
6351,1.0
6352,1.0
6353,1.0
6354,1.0
6355,0.0
6356,0.0
6357,1.0
6358,1.0
6359,1.0
6360,1.0
6361,1.0
6362,1.0
6363,1.0
6364,0.0
6365,1.0
6366,1.0
6367,1.0
6368,0.0
6369,1.0
6370,1.0
6371,0.0
6372,0.0
6373,1.0
6374,1.0
6375,0.0
6376,1.0
6377,0.0
6378,1.0
6379,0.0
6380,1.0
6381,1.0
6382,1.0
6383,0.0
6384,0.0
6385,1.0
6386,0.0
6387,0.0
6388,1.0
6389,0.0
6390,0.0
6391,1.0
6392,1.0
6393,1.0
6394,1.0
6395,1.0
6396,0.0
6397,1.0
6398,0.0
6399,0.0
6400,1.0
6401,0.0
6402,1.0
6403,1.0
6404,0.0
6405,0.0
6406,0.0
6407,0.0
6408,0.0
6409,1.0
6410,0.0
6411,1.0
6412,1.0
6413,1.0
6414,0.0
6415,0.0
6416,0.0
6417,1.0
6418,0.0
6419,1.0
6420,1.0
6421,1.0
6422,1.0
6423,0.0
6424,0.0
6425,0.0
6426,1.0
6427,1.0
6428,1.0
6429,1.0
6430,1.0
6431,1.0
6432,1.0
6433,1.0
6434,0.0
6435,1.0
6436,1.0
6437,1.0
6438,0.0
6439,1.0
6440,0.0
6441,0.0
6442,1.0
6443,0.0
6444,0.0
6445,1.0
6446,1.0
6447,1.0
6448,1.0
6449,0.0
6450,0.0
6451,1.0
6452,0.0
6453,1.0
6454,1.0
6455,1.0
6456,0.0
6457,1.0
6458,0.0
6459,1.0
6460,1.0
6461,1.0
6462,1.0
6463,1.0
6464,1.0
6465,1.0
6466,1.0
6467,1.0
6468,1.0
6469,0.0
6470,0.0
6471,1.0
6472,0.0
6473,0.0
6474,1.0
6475,1.0
6476,1.0
6477,0.0
6478,1.0
6479,1.0
6480,1.0
6481,0.0
6482,0.0
6483,0.0
6484,1.0
6485,0.0
6486,1.0
6487,1.0
6488,0.0
6489,1.0
6490,1.0
6491,1.0
6492,0.0
6493,0.0
6494,1.0
6495,0.0
6496,0.0
6497,0.0
6498,1.0
6499,0.0
6500,1.0
6501,1.0
6502,1.0
6503,1.0
6504,1.0
6505,1.0
6506,0.0
6507,0.0
6508,0.0
6509,0.0
6510,0.0
6511,1.0
6512,1.0
6513,0.0
6514,1.0
6515,0.0
6516,0.0
6517,1.0
6518,1.0
6519,0.0
6520,1.0
6521,1.0
6522,1.0
6523,1.0
6524,1.0
6525,1.0
6526,0.0
6527,1.0
6528,1.0
6529,0.0
6530,1.0
6531,0.0
6532,1.0
6533,0.0
6534,1.0
6535,1.0
6536,1.0
6537,1.0
6538,0.0
6539,0.0
6540,1.0
6541,1.0
6542,1.0
6543,1.0
6544,1.0
6545,0.0
6546,1.0
6547,1.0
6548,0.0
6549,0.0
6550,1.0
6551,1.0
6552,0.0
6553,1.0
6554,1.0
6555,1.0
6556,1.0
6557,1.0
6558,1.0
6559,0.0
6560,0.0
6561,1.0
6562,0.0
6563,1.0
6564,1.0
6565,0.0
6566,1.0
6567,1.0
6568,1.0
6569,0.0
6570,0.0
6571,0.0
6572,1.0
6573,0.0
6574,1.0
6575,1.0
6576,1.0
6577,1.0
6578,1.0
6579,1.0
6580,1.0
6581,1.0
6582,0.0
6583,0.0
6584,0.0
6585,1.0
6586,1.0
6587,0.0
6588,0.0
6589,0.0
6590,0.0
6591,0.0
6592,0.0
6593,0.0
6594,0.0
6595,0.0
6596,0.0
6597,1.0
6598,0.0
6599,1.0
6600,0.0
6601,1.0
6602,1.0
6603,1.0
6604,0.0
6605,0.0
6606,0.0
6607,0.0
6608,0.0
6609,0.0
6610,0.0
6611,1.0
6612,1.0
6613,0.0
6614,1.0
6615,0.0
6616,0.0
6617,1.0
6618,1.0
6619,1.0
6620,0.0
6621,1.0
6622,1.0
6623,1.0
6624,1.0
6625,1.0
6626,1.0
6627,1.0
6628,0.0
6629,0.0
6630,1.0
6631,0.0
6632,1.0
6633,1.0
6634,0.0
6635,1.0
6636,1.0
6637,0.0
6638,1.0
6639,1.0
6640,0.0
6641,0.0
6642,1.0
6643,1.0
6644,1.0
6645,1.0
6646,1.0
6647,0.0
6648,0.0
6649,0.0
6650,0.0
6651,0.0
6652,0.0
6653,1.0
6654,1.0
6655,1.0
6656,1.0
6657,1.0
6658,1.0
6659,0.0
6660,1.0
6661,1.0
6662,0.0
6663,0.0
6664,1.0
6665,1.0
6666,0.0
6667,0.0
6668,1.0
6669,0.0
6670,0.0
6671,0.0
6672,1.0
6673,0.0
6674,0.0
6675,1.0
6676,0.0
6677,0.0
6678,1.0
6679,0.0
6680,1.0
6681,0.0
6682,1.0
6683,1.0
6684,1.0
6685,1.0
6686,0.0
6687,0.0
6688,0.0
6689,0.0
6690,0.0
6691,1.0
6692,0.0
6693,1.0
6694,1.0
6695,1.0
6696,0.0
6697,1.0
6698,0.0
6699,1.0
6700,1.0
6701,1.0
6702,1.0
6703,0.0
6704,0.0
6705,1.0
6706,0.0
6707,0.0
6708,0.0
6709,1.0
6710,0.0
6711,1.0
6712,1.0
6713,1.0
6714,0.0
6715,0.0
6716,1.0
6717,0.0
6718,0.0
6719,0.0
6720,1.0
6721,1.0
6722,1.0
6723,1.0
6724,0.0
6725,1.0
6726,0.0
6727,1.0
6728,1.0
6729,1.0
6730,1.0
6731,1.0
6732,0.0
6733,0.0
6734,0.0
6735,0.0
6736,0.0
6737,1.0
6738,1.0
6739,0.0
6740,1.0
6741,0.0
6742,1.0
6743,1.0
6744,0.0
6745,1.0
6746,0.0
6747,0.0
6748,1.0
6749,1.0
6750,0.0
6751,1.0
6752,1.0
6753,1.0
6754,0.0
6755,0.0
6756,1.0
6757,1.0
6758,0.0
6759,1.0
6760,1.0
6761,0.0
6762,1.0
6763,0.0
6764,1.0
6765,1.0
6766,1.0
6767,1.0
6768,0.0
6769,1.0
6770,0.0
6771,0.0
6772,0.0
6773,1.0
6774,1.0
6775,0.0
6776,0.0
6777,1.0
6778,1.0
6779,0.0
6780,1.0
6781,1.0
6782,0.0
6783,0.0
6784,1.0
6785,1.0
6786,0.0
6787,1.0
6788,1.0
6789,0.0
6790,1.0
6791,0.0
6792,1.0
6793,1.0
6794,1.0
6795,1.0
6796,1.0
6797,1.0
6798,0.0
6799,0.0
6800,1.0
6801,0.0
6802,0.0
6803,0.0
6804,0.0
6805,1.0
6806,0.0
6807,0.0
6808,0.0
6809,0.0
6810,0.0
6811,1.0
6812,0.0
6813,0.0
6814,1.0
6815,1.0
6816,0.0
6817,0.0
6818,1.0
6819,1.0
6820,1.0
6821,1.0
6822,1.0
6823,0.0
6824,1.0
6825,1.0
6826,0.0
6827,0.0
6828,0.0
6829,0.0
6830,1.0
6831,1.0
6832,0.0
6833,1.0
6834,0.0
6835,1.0
6836,1.0
6837,1.0
6838,1.0
6839,0.0
6840,1.0
6841,1.0
6842,0.0
6843,0.0
6844,0.0
6845,1.0
6846,0.0
6847,1.0
6848,1.0
6849,0.0
6850,1.0
6851,0.0
6852,1.0
6853,0.0
6854,1.0
6855,1.0
6856,0.0
6857,0.0
6858,1.0
6859,1.0
6860,1.0
6861,0.0
6862,1.0
6863,1.0
6864,0.0
6865,1.0
6866,0.0
6867,1.0
6868,1.0
6869,1.0
6870,0.0
6871,1.0
6872,1.0
6873,1.0
6874,0.0
6875,1.0
6876,0.0
6877,0.0
6878,1.0
6879,0.0
6880,1.0
6881,0.0
6882,1.0
6883,0.0
6884,1.0
6885,1.0
6886,1.0
6887,1.0
6888,0.0
6889,0.0
6890,0.0
6891,1.0
6892,1.0
6893,1.0
6894,0.0
6895,0.0
6896,1.0
6897,0.0
6898,0.0
6899,1.0
6900,0.0
6901,1.0
6902,0.0
6903,1.0
6904,0.0
6905,1.0
6906,1.0
6907,0.0
6908,1.0
6909,0.0
6910,1.0
6911,0.0
6912,1.0
6913,1.0
6914,0.0
6915,0.0
6916,1.0
6917,1.0
6918,0.0
6919,0.0
6920,0.0
6921,1.0
6922,1.0
6923,0.0
6924,1.0
6925,1.0
6926,1.0
6927,1.0
6928,0.0
6929,0.0
6930,1.0
6931,1.0
6932,1.0
6933,1.0
6934,0.0
6935,0.0
6936,1.0
6937,0.0
6938,0.0
6939,1.0
6940,1.0
6941,1.0
6942,0.0
6943,0.0
6944,1.0
6945,1.0
6946,1.0
6947,0.0
6948,1.0
6949,0.0
6950,1.0
6951,0.0
6952,1.0
6953,1.0
6954,0.0
6955,1.0
6956,1.0
6957,0.0
6958,1.0
6959,1.0
6960,1.0
6961,0.0
6962,1.0
6963,0.0
6964,0.0
6965,0.0
6966,1.0
6967,0.0
6968,1.0
6969,1.0
6970,1.0
6971,1.0
6972,0.0
6973,0.0
6974,1.0
6975,1.0
6976,1.0
6977,0.0
6978,0.0
6979,0.0
6980,1.0
6981,1.0
6982,1.0
6983,0.0
6984,1.0
6985,0.0
6986,0.0
6987,0.0
6988,1.0
6989,1.0
6990,1.0
6991,0.0
6992,1.0
6993,0.0
6994,0.0
6995,0.0
6996,0.0
6997,0.0
6998,0.0
6999,1.0
7000,1.0
7001,0.0
7002,1.0
7003,0.0
7004,0.0
7005,0.0
7006,1.0
7007,1.0
7008,1.0
7009,1.0
7010,1.0
7011,0.0
7012,1.0
7013,0.0
7014,0.0
7015,1.0
7016,0.0
7017,0.0
7018,0.0
7019,0.0
7020,1.0
7021,1.0
7022,1.0
7023,1.0
7024,0.0
7025,1.0
7026,0.0
7027,0.0
7028,1.0
7029,0.0
7030,1.0
7031,1.0
7032,0.0
7033,0.0
7034,0.0
7035,1.0
7036,1.0
7037,1.0
7038,0.0
7039,1.0
7040,1.0
7041,0.0
7042,0.0
7043,1.0
7044,0.0
7045,1.0
7046,1.0
7047,0.0
7048,1.0
7049,1.0
7050,1.0
7051,0.0
7052,1.0
7053,1.0
7054,1.0
7055,0.0
7056,0.0
7057,0.0
7058,1.0
7059,1.0
7060,0.0
7061,1.0
7062,1.0
7063,1.0
7064,1.0
7065,1.0
7066,1.0
7067,1.0
7068,1.0
7069,0.0
7070,1.0
7071,1.0
7072,1.0
7073,1.0
7074,1.0
7075,0.0
7076,0.0
7077,1.0
7078,1.0
7079,1.0
7080,1.0
7081,1.0
7082,0.0
7083,1.0
7084,1.0
7085,1.0
7086,0.0
7087,0.0
7088,1.0
7089,0.0
7090,1.0
7091,1.0
7092,1.0
7093,1.0
7094,1.0
7095,0.0
7096,0.0
7097,0.0
7098,1.0
7099,1.0
7100,1.0
7101,0.0
7102,1.0
7103,1.0
7104,1.0
7105,1.0
7106,0.0
7107,1.0
7108,1.0
7109,1.0
7110,0.0
7111,1.0
7112,1.0
7113,0.0
7114,0.0
7115,0.0
7116,0.0
7117,0.0
7118,1.0
7119,0.0
7120,0.0
7121,0.0
7122,1.0
7123,1.0
7124,1.0
7125,0.0
7126,0.0
7127,1.0
7128,0.0
7129,0.0
7130,0.0
7131,1.0
7132,1.0
7133,1.0
7134,1.0
7135,0.0
7136,0.0
7137,1.0
7138,0.0
7139,1.0
7140,0.0
7141,1.0
7142,1.0
7143,0.0
7144,0.0
7145,0.0
7146,1.0
7147,1.0
7148,1.0
7149,1.0
7150,1.0
7151,1.0
7152,0.0
7153,1.0
7154,0.0
7155,0.0
7156,0.0
7157,0.0
7158,0.0
7159,0.0
7160,1.0
7161,1.0
7162,1.0
7163,0.0
7164,0.0
7165,0.0
7166,1.0
7167,0.0
7168,1.0
7169,0.0
7170,1.0
7171,0.0
7172,1.0
7173,1.0
7174,1.0
7175,1.0
7176,1.0
7177,1.0
7178,1.0
7179,0.0
7180,1.0
7181,1.0
7182,1.0
7183,0.0
7184,1.0
7185,1.0
7186,1.0
7187,0.0
7188,0.0
7189,1.0
7190,1.0
7191,1.0
7192,1.0
7193,0.0
7194,0.0
7195,0.0
7196,1.0
7197,1.0
7198,0.0
7199,1.0
7200,1.0
7201,1.0
7202,1.0
7203,1.0
7204,1.0
7205,0.0
7206,0.0
7207,0.0
7208,0.0
7209,1.0
7210,0.0
7211,1.0
7212,1.0
7213,1.0
7214,0.0
7215,0.0
7216,1.0
7217,1.0
7218,0.0
7219,1.0
7220,0.0
7221,0.0
7222,1.0
7223,1.0
7224,0.0
7225,0.0
7226,1.0
7227,0.0
7228,0.0
7229,1.0
7230,1.0
7231,0.0
7232,1.0
7233,1.0
7234,1.0
7235,1.0
7236,1.0
7237,1.0
7238,1.0
7239,1.0
7240,1.0
7241,1.0
7242,0.0
7243,1.0
7244,1.0
7245,1.0
7246,1.0
7247,1.0
7248,1.0
7249,0.0
7250,1.0
7251,0.0
7252,1.0
7253,1.0
7254,0.0
7255,0.0
7256,0.0
7257,0.0
7258,0.0
7259,1.0
7260,1.0
7261,0.0
7262,1.0
7263,1.0
7264,1.0
7265,1.0
7266,1.0
7267,0.0
7268,0.0
7269,1.0
7270,0.0
7271,1.0
7272,1.0
7273,0.0
7274,1.0
7275,0.0
7276,0.0
7277,1.0
7278,1.0
7279,1.0
7280,0.0
7281,1.0
7282,0.0
7283,0.0
7284,0.0
7285,0.0
7286,0.0
7287,1.0
7288,1.0
7289,1.0
7290,1.0
7291,0.0
7292,0.0
7293,1.0
7294,0.0
7295,0.0
7296,1.0
7297,1.0
7298,1.0
7299,0.0
7300,1.0
7301,1.0
7302,1.0
7303,0.0
7304,1.0
7305,1.0
7306,1.0
7307,0.0
7308,0.0
7309,1.0
7310,1.0
7311,1.0
7312,1.0
7313,0.0
7314,1.0
7315,1.0
7316,0.0
7317,1.0
7318,0.0
7319,1.0
7320,0.0
7321,1.0
7322,0.0
7323,0.0
7324,1.0
7325,0.0
7326,1.0
7327,0.0
7328,0.0
7329,1.0
7330,0.0
7331,0.0
7332,1.0
7333,0.0
7334,1.0
7335,0.0
7336,1.0
7337,1.0
7338,1.0
7339,1.0
7340,1.0
7341,1.0
7342,1.0
7343,1.0
7344,1.0
7345,0.0
7346,0.0
7347,0.0
7348,1.0
7349,1.0
7350,1.0
7351,1.0
7352,1.0
7353,1.0
7354,1.0
7355,1.0
7356,1.0
7357,1.0
7358,0.0
7359,1.0
7360,1.0
7361,0.0
7362,0.0
7363,0.0
7364,1.0
7365,1.0
7366,1.0
7367,0.0
7368,1.0
7369,0.0
7370,0.0
7371,1.0
7372,1.0
7373,1.0
7374,1.0
7375,0.0
7376,1.0
7377,0.0
7378,1.0
7379,1.0
7380,1.0
7381,0.0
7382,0.0
7383,1.0
7384,0.0
7385,1.0
7386,1.0
7387,0.0
7388,0.0
7389,0.0
7390,1.0
7391,1.0
7392,1.0
7393,0.0
7394,0.0
7395,1.0
7396,0.0
7397,0.0
7398,1.0
7399,0.0
7400,0.0
7401,1.0
7402,1.0
7403,0.0
7404,1.0
7405,1.0
7406,0.0
7407,1.0
7408,1.0
7409,1.0
7410,1.0
7411,1.0
7412,1.0
7413,1.0
7414,0.0
7415,1.0
7416,1.0
7417,0.0
7418,1.0
7419,1.0
7420,1.0
7421,0.0
7422,1.0
7423,1.0
7424,0.0
7425,1.0
7426,1.0
7427,0.0
7428,1.0
7429,0.0
7430,1.0
7431,1.0
7432,1.0
7433,0.0
7434,1.0
7435,1.0
7436,0.0
7437,1.0
7438,0.0
7439,1.0
7440,0.0
7441,0.0
7442,1.0
7443,1.0
7444,1.0
7445,1.0
7446,1.0
7447,1.0
7448,1.0
7449,0.0
7450,1.0
7451,0.0
7452,1.0
7453,0.0
7454,1.0
7455,1.0
7456,1.0
7457,0.0
7458,1.0
7459,1.0
7460,0.0
7461,0.0
7462,1.0
7463,1.0
7464,0.0
7465,1.0
7466,0.0
7467,1.0
7468,1.0
7469,1.0
7470,1.0
7471,0.0
7472,0.0
7473,0.0
7474,0.0
7475,1.0
7476,1.0
7477,1.0
7478,1.0
7479,1.0
7480,1.0
7481,0.0
7482,0.0
7483,0.0
7484,1.0
7485,0.0
7486,1.0
7487,0.0
7488,1.0
7489,1.0
7490,0.0
7491,0.0
7492,0.0
7493,0.0
7494,1.0
7495,0.0
7496,1.0
7497,1.0
7498,0.0
7499,1.0
7500,0.0
7501,1.0
7502,0.0
7503,1.0
7504,0.0
7505,0.0
7506,1.0
7507,1.0
7508,1.0
7509,0.0
7510,1.0
7511,1.0
7512,1.0
7513,1.0
7514,1.0
7515,1.0
7516,0.0
7517,1.0
7518,1.0
7519,1.0
7520,1.0
7521,1.0
7522,1.0
7523,1.0
7524,0.0
7525,0.0
7526,0.0
7527,0.0
7528,0.0
7529,0.0
7530,1.0
7531,0.0
7532,0.0
7533,1.0
7534,1.0
7535,0.0
7536,1.0
7537,1.0
7538,1.0
7539,1.0
7540,1.0
7541,0.0
7542,0.0
7543,1.0
7544,1.0
7545,1.0
7546,1.0
7547,1.0
7548,1.0
7549,0.0
7550,1.0
7551,0.0
7552,0.0
7553,0.0
7554,0.0
7555,0.0
7556,1.0
7557,0.0
7558,0.0
7559,0.0
7560,1.0
7561,0.0
7562,1.0
7563,0.0
7564,0.0
7565,1.0
7566,1.0
7567,1.0
7568,1.0
7569,1.0
7570,0.0
7571,1.0
7572,0.0
7573,0.0
7574,0.0
7575,1.0
7576,0.0
7577,0.0
7578,1.0
7579,1.0
7580,0.0
7581,0.0
7582,1.0
7583,0.0
7584,1.0
7585,1.0
7586,1.0
7587,0.0
7588,1.0
7589,1.0
7590,0.0
7591,1.0
7592,1.0
7593,0.0
7594,0.0
7595,1.0
7596,1.0
7597,1.0
7598,1.0
7599,1.0
7600,0.0
7601,1.0
7602,1.0
7603,1.0
7604,1.0
7605,0.0
7606,1.0
7607,0.0
7608,0.0
7609,1.0
7610,0.0
7611,1.0
7612,1.0
7613,1.0
7614,1.0
7615,1.0
7616,0.0
7617,1.0
7618,1.0
7619,1.0
7620,0.0
7621,1.0
7622,0.0
7623,1.0
7624,0.0
7625,1.0
7626,1.0
7627,1.0
7628,0.0
7629,1.0
7630,1.0
7631,1.0
7632,1.0
7633,1.0
7634,1.0
7635,1.0
7636,1.0
7637,1.0
7638,1.0
7639,1.0
7640,1.0
7641,1.0
7642,1.0
7643,0.0
7644,1.0
7645,1.0
7646,1.0
7647,0.0
7648,0.0
7649,1.0
7650,0.0
7651,0.0
7652,0.0
7653,0.0
7654,0.0
7655,0.0
7656,0.0
7657,1.0
7658,1.0
7659,1.0
7660,1.0
7661,1.0
7662,0.0
7663,0.0
7664,0.0
7665,1.0
7666,0.0
7667,0.0
7668,1.0
7669,1.0
7670,1.0
7671,0.0
7672,1.0
7673,1.0
7674,1.0
7675,1.0
7676,0.0
7677,1.0
7678,0.0
7679,1.0
7680,0.0
7681,0.0
7682,1.0
7683,1.0
7684,0.0
7685,1.0
7686,0.0
7687,1.0
7688,1.0
7689,1.0
7690,0.0
7691,0.0
7692,1.0
7693,0.0
7694,0.0
7695,0.0
7696,1.0
7697,0.0
7698,1.0
7699,1.0
7700,1.0
7701,0.0
7702,1.0
7703,1.0
7704,1.0
7705,1.0
7706,0.0
7707,0.0
7708,0.0
7709,0.0
7710,1.0
7711,1.0
7712,0.0
7713,0.0
7714,0.0
7715,1.0
7716,1.0
7717,0.0
7718,1.0
7719,1.0
7720,0.0
7721,1.0
7722,1.0
7723,0.0
7724,1.0
7725,1.0
7726,0.0
7727,0.0
7728,1.0
7729,0.0
7730,1.0
7731,0.0
7732,0.0
7733,1.0
7734,1.0
7735,1.0
7736,1.0
7737,1.0
7738,0.0
7739,1.0
7740,0.0
7741,0.0
7742,0.0
7743,1.0
7744,0.0
7745,1.0
7746,0.0
7747,0.0
7748,1.0
7749,0.0
7750,0.0
7751,0.0
7752,0.0
7753,1.0
7754,0.0
7755,1.0
7756,0.0
7757,1.0
7758,0.0
7759,1.0
7760,1.0
7761,0.0
7762,1.0
7763,0.0
7764,1.0
7765,1.0
7766,1.0
7767,0.0
7768,0.0
7769,1.0
7770,0.0
7771,0.0
7772,1.0
7773,1.0
7774,1.0
7775,1.0
7776,0.0
7777,0.0
7778,1.0
7779,0.0
7780,0.0
7781,0.0
7782,1.0
7783,0.0
7784,0.0
7785,0.0
7786,1.0
7787,1.0
7788,0.0
7789,1.0
7790,1.0
7791,1.0
7792,1.0
7793,0.0
7794,1.0
7795,0.0
7796,1.0
7797,0.0
7798,1.0
7799,0.0
7800,0.0
7801,0.0
7802,0.0
7803,0.0
7804,0.0
7805,1.0
7806,0.0
7807,0.0
7808,0.0
7809,1.0
7810,1.0
7811,1.0
7812,0.0
7813,1.0
7814,1.0
7815,1.0
7816,0.0
7817,0.0
7818,1.0
7819,1.0
7820,0.0
7821,1.0
7822,1.0
7823,1.0
7824,1.0
7825,0.0
7826,1.0
7827,0.0
7828,1.0
7829,1.0
7830,0.0
7831,1.0
7832,0.0
7833,1.0
7834,1.0
7835,0.0
7836,1.0
7837,1.0
7838,1.0
7839,0.0
7840,0.0
7841,1.0
7842,1.0
7843,1.0
7844,1.0
7845,0.0
7846,1.0
7847,1.0
7848,1.0
7849,0.0
7850,0.0
7851,1.0
7852,1.0
7853,0.0
7854,1.0
7855,0.0
7856,0.0
7857,1.0
7858,0.0
7859,1.0
7860,1.0
7861,0.0
7862,1.0
7863,1.0
7864,1.0
7865,1.0
7866,1.0
7867,1.0
7868,1.0
7869,1.0
7870,1.0
7871,1.0
7872,1.0
7873,0.0
7874,0.0
7875,0.0
7876,1.0
7877,1.0
7878,0.0
7879,1.0
7880,0.0
7881,0.0
7882,1.0
7883,0.0
7884,0.0
7885,1.0
7886,1.0
7887,1.0
7888,1.0
7889,1.0
7890,1.0
7891,0.0
7892,0.0
7893,0.0
7894,0.0
7895,0.0
7896,1.0
7897,1.0
7898,1.0
7899,0.0
7900,0.0
7901,1.0
7902,0.0
7903,0.0
7904,1.0
7905,1.0
7906,0.0
7907,0.0
7908,0.0
7909,1.0
7910,1.0
7911,0.0
7912,1.0
7913,1.0
7914,1.0
7915,1.0
7916,0.0
7917,1.0
7918,1.0
7919,1.0
7920,0.0
7921,0.0
7922,1.0
7923,1.0
7924,0.0
7925,1.0
7926,0.0
7927,0.0
7928,0.0
7929,1.0
7930,1.0
7931,1.0
7932,0.0
7933,0.0
7934,0.0
7935,0.0
7936,0.0
7937,1.0
7938,0.0
7939,1.0
7940,0.0
7941,1.0
7942,1.0
7943,1.0
7944,0.0
7945,0.0
7946,1.0
7947,1.0
7948,1.0
7949,0.0
7950,0.0
7951,0.0
7952,1.0
7953,1.0
7954,1.0
7955,1.0
7956,0.0
7957,1.0
7958,1.0
7959,0.0
7960,1.0
7961,1.0
7962,0.0
7963,0.0
7964,0.0
7965,0.0
7966,0.0
7967,1.0
7968,1.0
7969,0.0
7970,1.0
7971,1.0
7972,1.0
7973,0.0
7974,0.0
7975,1.0
7976,0.0
7977,1.0
7978,0.0
7979,1.0
7980,1.0
7981,1.0
7982,0.0
7983,0.0
7984,1.0
7985,0.0
7986,0.0
7987,0.0
7988,0.0
7989,0.0
7990,0.0
7991,0.0
7992,1.0
7993,1.0
7994,1.0
7995,1.0
7996,0.0
7997,0.0
7998,1.0
7999,1.0
8000,0.0
8001,1.0
8002,0.0
8003,1.0
8004,0.0
8005,0.0
8006,0.0
8007,0.0
8008,1.0
8009,1.0
8010,1.0
8011,1.0
8012,1.0
8013,1.0
8014,1.0
8015,0.0
8016,1.0
8017,1.0
8018,1.0
8019,0.0
8020,1.0
8021,0.0
8022,1.0
8023,0.0
8024,1.0
8025,1.0
8026,1.0
8027,1.0
8028,1.0
8029,1.0
8030,0.0
8031,0.0
8032,1.0
8033,1.0
8034,1.0
8035,1.0
8036,1.0
8037,0.0
8038,0.0
8039,1.0
8040,0.0
8041,0.0
8042,0.0
8043,1.0
8044,1.0
8045,0.0
8046,1.0
8047,0.0
8048,0.0
8049,1.0
8050,0.0
8051,1.0
8052,0.0
8053,1.0
8054,0.0
8055,1.0
8056,0.0
8057,0.0
8058,1.0
8059,0.0
8060,1.0
8061,1.0
8062,1.0
8063,1.0
8064,1.0
8065,1.0
8066,1.0
8067,1.0
8068,0.0
8069,0.0
8070,1.0
8071,1.0
8072,1.0
8073,0.0
8074,1.0
8075,1.0
8076,1.0
8077,0.0
8078,0.0
8079,1.0
8080,1.0
8081,0.0
8082,0.0
8083,1.0
8084,1.0
8085,0.0
8086,0.0
8087,0.0
8088,1.0
8089,0.0
8090,1.0
8091,1.0
8092,0.0
8093,1.0
8094,0.0
8095,1.0
8096,0.0
8097,1.0
8098,1.0
8099,1.0
8100,1.0
8101,0.0
8102,1.0
8103,0.0
8104,0.0
8105,0.0
8106,0.0
8107,1.0
8108,1.0
8109,0.0
8110,1.0
8111,1.0
8112,1.0
8113,0.0
8114,1.0
8115,0.0
8116,1.0
8117,0.0
8118,0.0
8119,1.0
8120,0.0
8121,1.0
8122,1.0
8123,0.0
8124,0.0
8125,1.0
8126,1.0
8127,1.0
8128,0.0
8129,0.0
8130,1.0
8131,1.0
8132,0.0
8133,1.0
8134,1.0
8135,0.0
8136,1.0
8137,1.0
8138,0.0
8139,0.0
8140,0.0
8141,1.0
8142,1.0
8143,0.0
8144,0.0
8145,0.0
8146,1.0
8147,0.0
8148,0.0
8149,1.0
8150,1.0
8151,0.0
8152,0.0
8153,1.0
8154,0.0
8155,1.0
8156,0.0
8157,0.0
8158,1.0
8159,0.0
8160,0.0
8161,0.0
8162,1.0
8163,1.0
8164,1.0
8165,1.0
8166,1.0
8167,1.0
8168,0.0
8169,0.0
8170,0.0
8171,0.0
8172,1.0
8173,0.0
8174,0.0
8175,0.0
8176,0.0
8177,1.0
8178,1.0
8179,0.0
8180,1.0
8181,1.0
8182,0.0
8183,1.0
8184,1.0
8185,0.0
8186,1.0
8187,1.0
8188,1.0
8189,1.0
8190,0.0
8191,0.0
8192,0.0
8193,0.0
8194,1.0
8195,0.0
8196,0.0
8197,0.0
8198,1.0
8199,1.0
8200,0.0
8201,0.0
8202,0.0
8203,0.0
8204,0.0
8205,0.0
8206,0.0
8207,1.0
8208,1.0
8209,1.0
8210,0.0
8211,1.0
8212,0.0
8213,1.0
8214,0.0
8215,1.0
8216,1.0
8217,1.0
8218,1.0
8219,1.0
8220,1.0
8221,1.0
8222,1.0
8223,1.0
8224,1.0
8225,0.0
8226,1.0
8227,0.0
8228,0.0
8229,1.0
8230,0.0
8231,0.0
8232,1.0
8233,0.0
8234,1.0
8235,1.0
8236,0.0
8237,1.0
8238,1.0
8239,0.0
8240,1.0
8241,1.0
8242,0.0
8243,1.0
8244,0.0
8245,1.0
8246,0.0
8247,1.0
8248,1.0
8249,1.0
8250,0.0
8251,0.0
8252,1.0
8253,1.0
8254,0.0
8255,0.0
8256,1.0
8257,1.0
8258,1.0
8259,0.0
8260,0.0
8261,0.0
8262,1.0
8263,1.0
8264,1.0
8265,1.0
8266,0.0
8267,0.0
8268,1.0
8269,1.0
8270,1.0
8271,1.0
8272,0.0
8273,0.0
8274,1.0
8275,0.0
8276,1.0
8277,0.0
8278,0.0
8279,0.0
8280,1.0
8281,1.0
8282,0.0
8283,1.0
8284,0.0
8285,0.0
8286,0.0
8287,1.0
8288,1.0
8289,1.0
8290,0.0
8291,1.0
8292,0.0
8293,0.0
8294,0.0
8295,1.0
8296,0.0
8297,1.0
8298,1.0
8299,0.0
8300,1.0
8301,0.0
8302,1.0
8303,0.0
8304,1.0
8305,0.0
8306,0.0
8307,0.0
8308,1.0
8309,1.0
8310,0.0
8311,1.0
8312,1.0
8313,1.0
8314,0.0
8315,1.0
8316,1.0
8317,0.0
8318,1.0
8319,1.0
8320,0.0
8321,1.0
8322,0.0
8323,0.0
8324,1.0
8325,0.0
8326,0.0
8327,1.0
8328,0.0
8329,1.0
8330,1.0
8331,1.0
8332,1.0
8333,1.0
8334,1.0
8335,0.0
8336,0.0
8337,0.0
8338,1.0
8339,1.0
8340,1.0
8341,1.0
8342,0.0
8343,0.0
8344,0.0
8345,1.0
8346,1.0
8347,1.0
8348,1.0
8349,0.0
8350,1.0
8351,0.0
8352,0.0
8353,1.0
8354,0.0
8355,1.0
8356,0.0
8357,1.0
8358,1.0
8359,0.0
8360,1.0
8361,1.0
8362,0.0
8363,1.0
8364,1.0
8365,0.0
8366,1.0
8367,1.0
8368,1.0
8369,1.0
8370,0.0
8371,1.0
8372,1.0
8373,1.0
8374,1.0
8375,0.0
8376,0.0
8377,1.0
8378,1.0
8379,1.0
8380,1.0
8381,1.0
8382,1.0
8383,1.0
8384,1.0
8385,1.0
8386,1.0
8387,0.0
8388,0.0
8389,1.0
8390,0.0
8391,0.0
8392,1.0
8393,0.0
8394,0.0
8395,0.0
8396,0.0
8397,1.0
8398,1.0
8399,1.0
8400,0.0
8401,1.0
8402,1.0
8403,1.0
8404,0.0
8405,1.0
8406,1.0
8407,0.0
8408,0.0
8409,0.0
8410,1.0
8411,0.0
8412,0.0
8413,1.0
8414,0.0
8415,1.0
8416,1.0
8417,0.0
8418,1.0
8419,0.0
8420,1.0
8421,1.0
8422,1.0
8423,1.0
8424,0.0
8425,0.0
8426,1.0
8427,0.0
8428,0.0
8429,0.0
8430,1.0
8431,1.0
8432,1.0
8433,1.0
8434,0.0
8435,0.0
8436,1.0
8437,0.0
8438,1.0
8439,0.0
8440,0.0
8441,0.0
8442,0.0
8443,1.0
8444,1.0
8445,0.0
8446,1.0
8447,1.0
8448,0.0
8449,1.0
8450,1.0
8451,1.0
8452,0.0
8453,1.0
8454,0.0
8455,0.0
8456,1.0
8457,1.0
8458,1.0
8459,0.0
8460,1.0
8461,1.0
8462,0.0
8463,1.0
8464,1.0
8465,0.0
8466,1.0
8467,1.0
8468,1.0
8469,0.0
8470,0.0
8471,0.0
8472,0.0
8473,1.0
8474,1.0
8475,0.0
8476,1.0
8477,1.0
8478,0.0
8479,1.0
8480,1.0
8481,1.0
8482,1.0
8483,1.0
8484,1.0
8485,0.0
8486,0.0
8487,1.0
8488,1.0
8489,1.0
8490,0.0
8491,1.0
8492,0.0
8493,0.0
8494,0.0
8495,1.0
8496,1.0
8497,0.0
8498,1.0
8499,1.0
8500,0.0
8501,0.0
8502,0.0
8503,1.0
8504,1.0
8505,1.0
8506,1.0
8507,1.0
8508,0.0
8509,1.0
8510,0.0
8511,1.0
8512,1.0
8513,0.0
8514,1.0
8515,1.0
8516,0.0
8517,1.0
8518,0.0
8519,0.0
8520,1.0
8521,1.0
8522,1.0
8523,1.0
8524,0.0
8525,0.0
8526,0.0
8527,1.0
8528,0.0
8529,0.0
8530,0.0
8531,0.0
8532,0.0
8533,0.0
8534,0.0
8535,1.0
8536,1.0
8537,0.0
8538,1.0
8539,0.0
8540,1.0
8541,1.0
8542,1.0
8543,0.0
8544,1.0
8545,1.0
8546,0.0
8547,1.0
8548,1.0
8549,1.0
8550,0.0
8551,1.0
8552,1.0
8553,1.0
8554,0.0
8555,1.0
8556,1.0
8557,0.0
8558,1.0
8559,0.0
8560,1.0
8561,0.0
8562,1.0
8563,1.0
8564,0.0
8565,1.0
8566,1.0
8567,1.0
8568,1.0
8569,1.0
8570,1.0
8571,1.0
8572,0.0
8573,0.0
8574,0.0
8575,0.0
8576,0.0
8577,1.0
8578,1.0
8579,1.0
8580,1.0
8581,0.0
8582,1.0
8583,1.0
8584,1.0
8585,0.0
8586,0.0
8587,1.0
8588,0.0
8589,1.0
8590,0.0
8591,1.0
8592,1.0
8593,1.0
8594,0.0
8595,0.0
8596,0.0
8597,1.0
8598,1.0
8599,0.0
8600,0.0
8601,1.0
8602,1.0
8603,1.0
8604,1.0
8605,1.0
8606,1.0
8607,1.0
8608,1.0
8609,1.0
8610,0.0
8611,1.0
8612,1.0
8613,1.0
8614,1.0
8615,0.0
8616,1.0
8617,1.0
8618,1.0
8619,0.0
8620,1.0
8621,1.0
8622,1.0
8623,1.0
8624,1.0
8625,0.0
8626,0.0
8627,0.0
8628,0.0
8629,0.0
8630,1.0
8631,1.0
8632,1.0
8633,1.0
8634,1.0
8635,0.0
8636,1.0
8637,0.0
8638,0.0
8639,1.0
8640,1.0
8641,1.0
8642,1.0
8643,0.0
8644,1.0
8645,1.0
8646,0.0
8647,0.0
8648,0.0
8649,1.0
8650,1.0
8651,1.0
8652,1.0
8653,0.0
8654,1.0
8655,1.0
8656,1.0
8657,1.0
8658,1.0
8659,1.0
8660,0.0
8661,0.0
8662,0.0
8663,1.0
8664,1.0
8665,1.0
8666,1.0
8667,0.0
8668,0.0
8669,0.0
8670,1.0
8671,0.0
8672,1.0
8673,1.0
8674,1.0
8675,0.0
8676,1.0
8677,1.0
8678,0.0
8679,0.0
8680,0.0
8681,1.0
8682,0.0
8683,0.0
8684,0.0
8685,1.0
8686,0.0
8687,0.0
8688,1.0
8689,0.0
8690,1.0
8691,1.0
8692,0.0
8693,0.0
8694,0.0
8695,1.0
8696,1.0
8697,0.0
8698,1.0
8699,1.0
8700,0.0
8701,1.0
8702,0.0
8703,1.0
8704,0.0
8705,1.0
8706,0.0
8707,0.0
8708,1.0
8709,1.0
8710,1.0
8711,0.0
8712,1.0
8713,0.0
8714,1.0
8715,0.0
8716,1.0
8717,1.0
8718,0.0
8719,0.0
8720,1.0
8721,0.0
8722,1.0
8723,0.0
8724,1.0
8725,1.0
8726,0.0
8727,0.0
8728,0.0
8729,1.0
8730,0.0
8731,0.0
8732,0.0
8733,1.0
8734,0.0
8735,1.0
8736,0.0
8737,0.0
8738,0.0
8739,0.0
8740,1.0
8741,0.0
8742,1.0
8743,0.0
8744,0.0
8745,0.0
8746,1.0
8747,0.0
8748,0.0
8749,1.0
8750,1.0
8751,0.0
8752,1.0
8753,0.0
8754,0.0
8755,1.0
8756,1.0
8757,1.0
8758,1.0
8759,0.0
8760,0.0
8761,1.0
8762,0.0
8763,1.0
8764,1.0
8765,1.0
8766,1.0
8767,1.0
8768,1.0
8769,1.0
8770,1.0
8771,0.0
8772,0.0
8773,0.0
8774,1.0
8775,1.0
8776,1.0
8777,0.0
8778,0.0
8779,0.0
8780,1.0
8781,1.0
8782,0.0
8783,0.0
8784,1.0
8785,1.0
8786,1.0
8787,0.0
8788,1.0
8789,0.0
8790,1.0
8791,1.0
8792,1.0
8793,0.0
8794,0.0
8795,1.0
8796,0.0
8797,1.0
8798,1.0
8799,0.0
8800,1.0
8801,0.0
8802,0.0
8803,0.0
8804,1.0
8805,1.0
8806,0.0
8807,0.0
8808,1.0
8809,0.0
8810,1.0
8811,1.0
8812,1.0
8813,1.0
8814,1.0
8815,1.0
8816,1.0
8817,1.0
8818,1.0
8819,1.0
8820,0.0
8821,1.0
8822,1.0
8823,0.0
8824,1.0
8825,1.0
8826,0.0
8827,0.0
8828,1.0
8829,1.0
8830,1.0
8831,0.0
8832,1.0
8833,0.0
8834,0.0
8835,0.0
8836,1.0
8837,1.0
8838,0.0
8839,1.0
8840,1.0
8841,1.0
8842,0.0
8843,0.0
8844,1.0
8845,1.0
8846,0.0
8847,0.0
8848,0.0
8849,1.0
8850,1.0
8851,1.0
8852,1.0
8853,1.0
8854,1.0
8855,0.0
8856,1.0
8857,1.0
8858,1.0
8859,1.0
8860,1.0
8861,0.0
8862,1.0
8863,1.0
8864,1.0
8865,1.0
8866,1.0
8867,1.0
8868,1.0
8869,1.0
8870,0.0
8871,1.0
8872,1.0
8873,0.0
8874,0.0
8875,0.0
8876,0.0
8877,0.0
8878,0.0
8879,0.0
8880,1.0
8881,0.0
8882,0.0
8883,1.0
8884,0.0
8885,0.0
8886,0.0
8887,0.0
8888,1.0
8889,1.0
8890,1.0
8891,1.0
8892,1.0
8893,0.0
8894,1.0
8895,1.0
8896,1.0
8897,0.0
8898,1.0
8899,1.0
8900,1.0
8901,1.0
8902,0.0
8903,1.0
8904,1.0
8905,1.0
8906,0.0
8907,1.0
8908,1.0
8909,1.0
8910,1.0
8911,0.0
8912,1.0
8913,1.0
8914,1.0
8915,1.0
8916,0.0
8917,0.0
8918,0.0
8919,0.0
8920,1.0
8921,1.0
8922,0.0
8923,1.0
8924,0.0
8925,1.0
8926,1.0
8927,1.0
8928,1.0
8929,1.0
8930,1.0
8931,1.0
8932,1.0
8933,0.0
8934,1.0
8935,0.0
8936,1.0
8937,1.0
8938,0.0
8939,1.0
8940,1.0
8941,1.0
8942,1.0
8943,1.0
8944,0.0
8945,1.0
8946,1.0
8947,1.0
8948,1.0
8949,0.0
8950,0.0
8951,1.0
8952,1.0
8953,0.0
8954,1.0
8955,1.0
8956,0.0
8957,1.0
8958,0.0
8959,0.0
8960,0.0
8961,1.0
8962,0.0
8963,1.0
8964,1.0
8965,1.0
8966,0.0
8967,1.0
8968,1.0
8969,0.0
8970,0.0
8971,1.0
8972,0.0
8973,0.0
8974,1.0
8975,1.0
8976,0.0
8977,1.0
8978,0.0
8979,0.0
8980,0.0
8981,1.0
8982,1.0
8983,0.0
8984,0.0
8985,0.0
8986,1.0
8987,1.0
8988,0.0
8989,1.0
8990,1.0
8991,1.0
8992,0.0
8993,0.0
8994,1.0
8995,1.0
8996,1.0
8997,0.0
8998,1.0
8999,1.0
9000,1.0
9001,1.0
9002,1.0
9003,1.0
9004,0.0
9005,0.0
9006,0.0
9007,0.0
9008,0.0
9009,1.0
9010,1.0
9011,0.0
9012,0.0
9013,0.0
9014,1.0
9015,0.0
9016,0.0
9017,1.0
9018,1.0
9019,0.0
9020,0.0
9021,1.0
9022,0.0
9023,1.0
9024,1.0
9025,1.0
9026,1.0
9027,1.0
9028,0.0
9029,0.0
9030,0.0
9031,1.0
9032,1.0
9033,0.0
9034,1.0
9035,1.0
9036,1.0
9037,1.0
9038,0.0
9039,0.0
9040,0.0
9041,1.0
9042,0.0
9043,0.0
9044,0.0
9045,1.0
9046,1.0
9047,0.0
9048,0.0
9049,0.0
9050,1.0
9051,0.0
9052,0.0
9053,0.0
9054,1.0
9055,0.0
9056,1.0
9057,1.0
9058,0.0
9059,1.0
9060,1.0
9061,1.0
9062,0.0
9063,0.0
9064,0.0
9065,1.0
9066,0.0
9067,1.0
9068,0.0
9069,0.0
9070,1.0
9071,0.0
9072,1.0
9073,0.0
9074,1.0
9075,0.0
9076,0.0
9077,0.0
9078,1.0
9079,0.0
9080,1.0
9081,0.0
9082,0.0
9083,0.0
9084,1.0
9085,1.0
9086,1.0
9087,0.0
9088,1.0
9089,0.0
9090,1.0
9091,0.0
9092,1.0
9093,0.0
9094,0.0
9095,1.0
9096,1.0
9097,0.0
9098,0.0
9099,1.0
9100,1.0
9101,1.0
9102,1.0
9103,0.0
9104,0.0
9105,1.0
9106,1.0
9107,0.0
9108,1.0
9109,1.0
9110,1.0
9111,1.0
9112,0.0
9113,1.0
9114,1.0
9115,1.0
9116,1.0
9117,1.0
9118,1.0
9119,0.0
9120,1.0
9121,0.0
9122,0.0
9123,1.0
9124,0.0
9125,0.0
9126,0.0
9127,0.0
9128,0.0
9129,1.0
9130,0.0
9131,1.0
9132,1.0
9133,0.0
9134,0.0
9135,1.0
9136,0.0
9137,1.0
9138,1.0
9139,0.0
9140,0.0
9141,1.0
9142,1.0
9143,1.0
9144,1.0
9145,1.0
9146,0.0
9147,0.0
9148,0.0
9149,1.0
9150,1.0
9151,1.0
9152,1.0
9153,1.0
9154,1.0
9155,0.0
9156,1.0
9157,1.0
9158,0.0
9159,0.0
9160,1.0
9161,0.0
9162,0.0
9163,1.0
9164,1.0
9165,1.0
9166,1.0
9167,1.0
9168,1.0
9169,1.0
9170,1.0
9171,1.0
9172,0.0
9173,0.0
9174,0.0
9175,1.0
9176,1.0
9177,1.0
9178,0.0
9179,1.0
9180,0.0
9181,0.0
9182,1.0
9183,0.0
9184,1.0
9185,1.0
9186,1.0
9187,0.0
9188,1.0
9189,0.0
9190,0.0
9191,0.0
9192,1.0
9193,1.0
9194,0.0
9195,1.0
9196,1.0
9197,0.0
9198,1.0
9199,1.0
9200,1.0
9201,0.0
9202,1.0
9203,1.0
9204,1.0
9205,0.0
9206,0.0
9207,0.0
9208,1.0
9209,1.0
9210,0.0
9211,0.0
9212,0.0
9213,0.0
9214,1.0
9215,1.0
9216,1.0
9217,1.0
9218,1.0
9219,0.0
9220,1.0
9221,0.0
9222,1.0
9223,0.0
9224,1.0
9225,1.0
9226,0.0
9227,1.0
9228,1.0
9229,1.0
9230,1.0
9231,1.0
9232,0.0
9233,1.0
9234,1.0
9235,0.0
9236,1.0
9237,0.0
9238,0.0
9239,0.0
9240,0.0
9241,1.0
9242,1.0
9243,1.0
9244,0.0
9245,0.0
9246,1.0
9247,0.0
9248,1.0
9249,0.0
9250,1.0
9251,1.0
9252,0.0
9253,0.0
9254,1.0
9255,0.0
9256,1.0
9257,1.0
9258,0.0
9259,0.0
9260,1.0
9261,1.0
9262,0.0
9263,1.0
9264,0.0
9265,1.0
9266,1.0
9267,1.0
9268,1.0
9269,1.0
9270,1.0
9271,0.0
9272,0.0
9273,1.0
9274,1.0
9275,1.0
9276,0.0
9277,1.0
9278,0.0
9279,1.0
9280,1.0
9281,1.0
9282,0.0
9283,0.0
9284,1.0
9285,0.0
9286,0.0
9287,0.0
9288,1.0
9289,0.0
9290,1.0
9291,1.0
9292,0.0
9293,1.0
9294,1.0
9295,1.0
9296,0.0
9297,0.0
9298,0.0
9299,0.0
9300,1.0
9301,1.0
9302,1.0
9303,1.0
9304,0.0
9305,0.0
9306,1.0
9307,1.0
9308,0.0
9309,0.0
9310,1.0
9311,1.0
9312,1.0
9313,0.0
9314,1.0
9315,0.0
9316,1.0
9317,0.0
9318,1.0
9319,0.0
9320,1.0
9321,0.0
9322,1.0
9323,0.0
9324,0.0
9325,0.0
9326,1.0
9327,0.0
9328,0.0
9329,0.0
9330,1.0
9331,0.0
9332,1.0
9333,1.0
9334,0.0
9335,1.0
9336,1.0
9337,0.0
9338,1.0
9339,0.0
9340,1.0
9341,0.0
9342,1.0
9343,0.0
9344,0.0
9345,0.0
9346,0.0
9347,1.0
9348,1.0
9349,0.0
9350,1.0
9351,1.0
9352,1.0
9353,0.0
9354,1.0
9355,0.0
9356,0.0
9357,0.0
9358,0.0
9359,1.0
9360,1.0
9361,1.0
9362,0.0
9363,1.0
9364,1.0
9365,0.0
9366,0.0
9367,1.0
9368,1.0
9369,1.0
9370,1.0
9371,1.0
9372,0.0
9373,0.0
9374,1.0
9375,1.0
9376,1.0
9377,1.0
9378,0.0
9379,0.0
9380,1.0
9381,1.0
9382,0.0
9383,1.0
9384,0.0
9385,1.0
9386,1.0
9387,0.0
9388,1.0
9389,1.0
9390,1.0
9391,1.0
9392,1.0
9393,0.0
9394,1.0
9395,1.0
9396,0.0
9397,0.0
9398,1.0
9399,1.0
9400,1.0
9401,0.0
9402,1.0
9403,1.0
9404,1.0
9405,1.0
9406,1.0
9407,1.0
9408,1.0
9409,0.0
9410,1.0
9411,0.0
9412,1.0
9413,0.0
9414,1.0
9415,1.0
9416,1.0
9417,0.0
9418,0.0
9419,1.0
9420,1.0
9421,0.0
9422,1.0
9423,1.0
9424,0.0
9425,0.0
9426,0.0
9427,1.0
9428,1.0
9429,1.0
9430,1.0
9431,1.0
9432,1.0
9433,1.0
9434,0.0
9435,0.0
9436,1.0
9437,1.0
9438,0.0
9439,1.0
9440,1.0
9441,1.0
9442,0.0
9443,1.0
9444,0.0
9445,1.0
9446,0.0
9447,0.0
9448,0.0
9449,0.0
9450,1.0
9451,0.0
9452,1.0
9453,0.0
9454,1.0
9455,1.0
9456,1.0
9457,1.0
9458,0.0
9459,1.0
9460,1.0
9461,0.0
9462,1.0
9463,0.0
9464,0.0
9465,0.0
9466,1.0
9467,0.0
9468,0.0
9469,1.0
9470,0.0
9471,1.0
9472,1.0
9473,1.0
9474,1.0
9475,1.0
9476,0.0
9477,0.0
9478,0.0
9479,1.0
9480,1.0
9481,1.0
9482,1.0
9483,1.0
9484,1.0
9485,1.0
9486,1.0
9487,1.0
9488,1.0
9489,1.0
9490,1.0
9491,0.0
9492,1.0
9493,1.0
9494,1.0
9495,0.0
9496,1.0
9497,0.0
9498,0.0
9499,0.0
9500,1.0
9501,1.0
9502,1.0
9503,0.0
9504,1.0
9505,1.0
